--
-- PostgreSQL database cluster dump
--

SET default_transaction_read_only = off;

SET client_encoding = 'UTF8';
SET standard_conforming_strings = on;

--
-- Roles
--

CREATE ROLE postgres;
ALTER ROLE postgres WITH SUPERUSER INHERIT CREATEROLE CREATEDB LOGIN REPLICATION PASSWORD 'md53175bce1d3201d16594cebf9d7eb3f9d';






--
-- Database creation
--

CREATE DATABASE app_data WITH TEMPLATE = template0 OWNER = postgres;
REVOKE ALL ON DATABASE template1 FROM PUBLIC;
REVOKE ALL ON DATABASE template1 FROM postgres;
GRANT ALL ON DATABASE template1 TO postgres;
GRANT CONNECT ON DATABASE template1 TO PUBLIC;


\connect app_data

SET default_transaction_read_only = off;

--
-- PostgreSQL database dump
--

SET statement_timeout = 0;
SET lock_timeout = 0;
SET client_encoding = 'UTF8';
SET standard_conforming_strings = on;
SET check_function_bodies = false;
SET client_min_messages = warning;

--
-- Name: plpgsql; Type: EXTENSION; Schema: -; Owner: 
--

CREATE EXTENSION IF NOT EXISTS plpgsql WITH SCHEMA pg_catalog;


--
-- Name: EXTENSION plpgsql; Type: COMMENT; Schema: -; Owner: 
--

COMMENT ON EXTENSION plpgsql IS 'PL/pgSQL procedural language';


SET search_path = public, pg_catalog;

--
-- Name: get_sorted_sectors(); Type: FUNCTION; Schema: public; Owner: postgres
--

CREATE FUNCTION get_sorted_sectors() RETURNS TABLE(value integer, name character varying, parent_value integer)
    LANGUAGE plpgsql
    AS $$
BEGIN
    RETURN QUERY
	WITH RECURSIVE s AS (
	   SELECT sector.value, sector.parent_value, sector.name, array[sector.name::text] as path
	   FROM sector 
	   WHERE sector.parent_value is null

	   UNION

	   SELECT sector.value, sector.parent_value, sector.name, s.path || sector.name::text
	   FROM sector
	      JOIN s
		  ON sector.parent_value = s.value
	)
	SELECT s.value, s.name, s.parent_value FROM s
	ORDER BY path;
END
$$;


ALTER FUNCTION public.get_sorted_sectors() OWNER TO postgres;

--
-- Name: hibernate_sequence; Type: SEQUENCE; Schema: public; Owner: postgres
--

CREATE SEQUENCE hibernate_sequence
    START WITH 1
    INCREMENT BY 1
    NO MINVALUE
    NO MAXVALUE
    CACHE 1;


ALTER TABLE public.hibernate_sequence OWNER TO postgres;

SET default_tablespace = '';

SET default_with_oids = false;

--
-- Name: sector; Type: TABLE; Schema: public; Owner: postgres; Tablespace: 
--

CREATE TABLE sector (
    value integer NOT NULL,
    name character varying(255) NOT NULL,
    parent_value integer
);


ALTER TABLE public.sector OWNER TO postgres;

--
-- Name: user; Type: TABLE; Schema: public; Owner: postgres; Tablespace: 
--

CREATE TABLE "user" (
    id character varying(100) NOT NULL,
    name character varying(255) NOT NULL,
    agree_to_terms boolean NOT NULL
);


ALTER TABLE public."user" OWNER TO postgres;

--
-- Name: usersectormap; Type: TABLE; Schema: public; Owner: postgres; Tablespace: 
--

CREATE TABLE usersectormap (
    user_id character varying(100) NOT NULL,
    sector_value integer NOT NULL
);


ALTER TABLE public.usersectormap OWNER TO postgres;

--
-- Name: hibernate_sequence; Type: SEQUENCE SET; Schema: public; Owner: postgres
--

SELECT pg_catalog.setval('hibernate_sequence', 3, true);


--
-- Data for Name: sector; Type: TABLE DATA; Schema: public; Owner: postgres
--

COPY sector (value, name, parent_value) FROM stdin;
1	Manufacturing	\N
19	&nbsp;&nbsp;&nbsp;&nbsp;Construction materials	1
18	&nbsp;&nbsp;&nbsp;&nbsp;Electronics and Optics	1
6	&nbsp;&nbsp;&nbsp;&nbsp;Food and Beverage	1
342	&nbsp;&nbsp;&nbsp;&nbsp;&nbsp;&nbsp;&nbsp;&nbsp;Bakery &amp; confectionery products	6
43	&nbsp;&nbsp;&nbsp;&nbsp;&nbsp;&nbsp;&nbsp;&nbsp;Beverages	6
42	&nbsp;&nbsp;&nbsp;&nbsp;&nbsp;&nbsp;&nbsp;&nbsp;Fish &amp; fish products 	6
40	&nbsp;&nbsp;&nbsp;&nbsp;&nbsp;&nbsp;&nbsp;&nbsp;Meat &amp; meat products	6
39	&nbsp;&nbsp;&nbsp;&nbsp;&nbsp;&nbsp;&nbsp;&nbsp;Milk &amp; dairy products 	6
437	&nbsp;&nbsp;&nbsp;&nbsp;&nbsp;&nbsp;&nbsp;&nbsp;Other	6
378	&nbsp;&nbsp;&nbsp;&nbsp;&nbsp;&nbsp;&nbsp;&nbsp;Sweets &amp; snack food	6
13	&nbsp;&nbsp;&nbsp;&nbsp;Furniture	1
389	&nbsp;&nbsp;&nbsp;&nbsp;&nbsp;&nbsp;&nbsp;&nbsp;Bathroom/sauna 	13
385	&nbsp;&nbsp;&nbsp;&nbsp;&nbsp;&nbsp;&nbsp;&nbsp;Bedroom	13
390	&nbsp;&nbsp;&nbsp;&nbsp;&nbsp;&nbsp;&nbsp;&nbsp;Children’s room 	13
98	&nbsp;&nbsp;&nbsp;&nbsp;&nbsp;&nbsp;&nbsp;&nbsp;Kitchen 	13
101	&nbsp;&nbsp;&nbsp;&nbsp;&nbsp;&nbsp;&nbsp;&nbsp;Living room 	13
392	&nbsp;&nbsp;&nbsp;&nbsp;&nbsp;&nbsp;&nbsp;&nbsp;Office	13
394	&nbsp;&nbsp;&nbsp;&nbsp;&nbsp;&nbsp;&nbsp;&nbsp;Other (Furniture)	13
341	&nbsp;&nbsp;&nbsp;&nbsp;&nbsp;&nbsp;&nbsp;&nbsp;Outdoor 	13
99	&nbsp;&nbsp;&nbsp;&nbsp;&nbsp;&nbsp;&nbsp;&nbsp;Project furniture	13
12	&nbsp;&nbsp;&nbsp;&nbsp;Machinery	1
94	&nbsp;&nbsp;&nbsp;&nbsp;&nbsp;&nbsp;&nbsp;&nbsp;Machinery components	12
91	&nbsp;&nbsp;&nbsp;&nbsp;&nbsp;&nbsp;&nbsp;&nbsp;Machinery equipment/tools	12
224	&nbsp;&nbsp;&nbsp;&nbsp;&nbsp;&nbsp;&nbsp;&nbsp;Manufacture of machinery 	12
97	&nbsp;&nbsp;&nbsp;&nbsp;&nbsp;&nbsp;&nbsp;&nbsp;Maritime	12
271	&nbsp;&nbsp;&nbsp;&nbsp;&nbsp;&nbsp;&nbsp;&nbsp;&nbsp;&nbsp;&nbsp;&nbsp;Aluminium and steel workboats 	97
269	&nbsp;&nbsp;&nbsp;&nbsp;&nbsp;&nbsp;&nbsp;&nbsp;&nbsp;&nbsp;&nbsp;&nbsp;Boat/Yacht building	97
230	&nbsp;&nbsp;&nbsp;&nbsp;&nbsp;&nbsp;&nbsp;&nbsp;&nbsp;&nbsp;&nbsp;&nbsp;Ship repair and conversion	97
93	&nbsp;&nbsp;&nbsp;&nbsp;&nbsp;&nbsp;&nbsp;&nbsp;Metal structures	12
508	&nbsp;&nbsp;&nbsp;&nbsp;&nbsp;&nbsp;&nbsp;&nbsp;Other	12
227	&nbsp;&nbsp;&nbsp;&nbsp;&nbsp;&nbsp;&nbsp;&nbsp;Repair and maintenance service	12
11	&nbsp;&nbsp;&nbsp;&nbsp;Metalworking	1
67	&nbsp;&nbsp;&nbsp;&nbsp;&nbsp;&nbsp;&nbsp;&nbsp;Construction of metal structures	11
263	&nbsp;&nbsp;&nbsp;&nbsp;&nbsp;&nbsp;&nbsp;&nbsp;Houses and buildings	11
267	&nbsp;&nbsp;&nbsp;&nbsp;&nbsp;&nbsp;&nbsp;&nbsp;Metal products	11
542	&nbsp;&nbsp;&nbsp;&nbsp;&nbsp;&nbsp;&nbsp;&nbsp;Metal works	11
75	&nbsp;&nbsp;&nbsp;&nbsp;&nbsp;&nbsp;&nbsp;&nbsp;&nbsp;&nbsp;&nbsp;&nbsp;CNC-machining	542
62	&nbsp;&nbsp;&nbsp;&nbsp;&nbsp;&nbsp;&nbsp;&nbsp;&nbsp;&nbsp;&nbsp;&nbsp;Forgings, Fasteners 	542
69	&nbsp;&nbsp;&nbsp;&nbsp;&nbsp;&nbsp;&nbsp;&nbsp;&nbsp;&nbsp;&nbsp;&nbsp;Gas, Plasma, Laser cutting	542
66	&nbsp;&nbsp;&nbsp;&nbsp;&nbsp;&nbsp;&nbsp;&nbsp;&nbsp;&nbsp;&nbsp;&nbsp;MIG, TIG, Aluminum welding	542
9	&nbsp;&nbsp;&nbsp;&nbsp;Plastic and Rubber	1
54	&nbsp;&nbsp;&nbsp;&nbsp;&nbsp;&nbsp;&nbsp;&nbsp;Packaging	9
556	&nbsp;&nbsp;&nbsp;&nbsp;&nbsp;&nbsp;&nbsp;&nbsp;Plastic goods	9
559	&nbsp;&nbsp;&nbsp;&nbsp;&nbsp;&nbsp;&nbsp;&nbsp;Plastic processing technology	9
55	&nbsp;&nbsp;&nbsp;&nbsp;&nbsp;&nbsp;&nbsp;&nbsp;&nbsp;&nbsp;&nbsp;&nbsp;Blowing	559
57	&nbsp;&nbsp;&nbsp;&nbsp;&nbsp;&nbsp;&nbsp;&nbsp;&nbsp;&nbsp;&nbsp;&nbsp;Moulding	559
53	&nbsp;&nbsp;&nbsp;&nbsp;&nbsp;&nbsp;&nbsp;&nbsp;&nbsp;&nbsp;&nbsp;&nbsp;Plastics welding and processing	559
560	&nbsp;&nbsp;&nbsp;&nbsp;&nbsp;&nbsp;&nbsp;&nbsp;Plastic profiles	9
5	&nbsp;&nbsp;&nbsp;&nbsp;Printing 	1
148	&nbsp;&nbsp;&nbsp;&nbsp;&nbsp;&nbsp;&nbsp;&nbsp;Advertising	5
150	&nbsp;&nbsp;&nbsp;&nbsp;&nbsp;&nbsp;&nbsp;&nbsp;Book/Periodicals printing	5
145	&nbsp;&nbsp;&nbsp;&nbsp;&nbsp;&nbsp;&nbsp;&nbsp;Labelling and packaging printing	5
7	&nbsp;&nbsp;&nbsp;&nbsp;Textile and Clothing	1
44	&nbsp;&nbsp;&nbsp;&nbsp;&nbsp;&nbsp;&nbsp;&nbsp;Clothing	7
45	&nbsp;&nbsp;&nbsp;&nbsp;&nbsp;&nbsp;&nbsp;&nbsp;Textile	7
8	&nbsp;&nbsp;&nbsp;&nbsp;Wood	1
337	&nbsp;&nbsp;&nbsp;&nbsp;&nbsp;&nbsp;&nbsp;&nbsp;Other (Wood)	8
51	&nbsp;&nbsp;&nbsp;&nbsp;&nbsp;&nbsp;&nbsp;&nbsp;Wooden building materials	8
47	&nbsp;&nbsp;&nbsp;&nbsp;&nbsp;&nbsp;&nbsp;&nbsp;Wooden houses	8
3	Other	\N
37	&nbsp;&nbsp;&nbsp;&nbsp;Creative industries	3
29	&nbsp;&nbsp;&nbsp;&nbsp;Energy technology	3
33	&nbsp;&nbsp;&nbsp;&nbsp;Environment	3
2	Service	\N
25	&nbsp;&nbsp;&nbsp;&nbsp;Business services	2
35	&nbsp;&nbsp;&nbsp;&nbsp;Engineering	2
28	&nbsp;&nbsp;&nbsp;&nbsp;Information Technology and Telecommunications	2
581	&nbsp;&nbsp;&nbsp;&nbsp;&nbsp;&nbsp;&nbsp;&nbsp;Data processing, Web portals, E-marketing	28
576	&nbsp;&nbsp;&nbsp;&nbsp;&nbsp;&nbsp;&nbsp;&nbsp;Programming, Consultancy	28
121	&nbsp;&nbsp;&nbsp;&nbsp;&nbsp;&nbsp;&nbsp;&nbsp;Software, Hardware	28
122	&nbsp;&nbsp;&nbsp;&nbsp;&nbsp;&nbsp;&nbsp;&nbsp;Telecommunications	28
22	&nbsp;&nbsp;&nbsp;&nbsp;Tourism	2
141	&nbsp;&nbsp;&nbsp;&nbsp;Translation services	2
21	&nbsp;&nbsp;&nbsp;&nbsp;Transport and Logistics	2
111	&nbsp;&nbsp;&nbsp;&nbsp;&nbsp;&nbsp;&nbsp;&nbsp;Air	21
114	&nbsp;&nbsp;&nbsp;&nbsp;&nbsp;&nbsp;&nbsp;&nbsp;Rail	21
112	&nbsp;&nbsp;&nbsp;&nbsp;&nbsp;&nbsp;&nbsp;&nbsp;Road	21
113	&nbsp;&nbsp;&nbsp;&nbsp;&nbsp;&nbsp;&nbsp;&nbsp;Water	21
\.


--
-- Data for Name: user; Type: TABLE DATA; Schema: public; Owner: postgres
--

COPY "user" (id, name, agree_to_terms) FROM stdin;
1	Darja	t
2	s	t
3	e	t
google-oauth2|102846717547482980745	Daria	t
auth0|5a4bc949ebc33d03b8b2639d	test	t
\.


--
-- Data for Name: usersectormap; Type: TABLE DATA; Schema: public; Owner: postgres
--

COPY usersectormap (user_id, sector_value) FROM stdin;
1	269
1	542
1	33
2	19
3	19
google-oauth2|102846717547482980745	19
google-oauth2|102846717547482980745	342
google-oauth2|102846717547482980745	113
google-oauth2|102846717547482980745	342
google-oauth2|102846717547482980745	113
auth0|5a4bc949ebc33d03b8b2639d	6
auth0|5a4bc949ebc33d03b8b2639d	342
\.


--
-- Name: sector_pkey; Type: CONSTRAINT; Schema: public; Owner: postgres; Tablespace: 
--

ALTER TABLE ONLY sector
    ADD CONSTRAINT sector_pkey PRIMARY KEY (value);


--
-- Name: user_pkey; Type: CONSTRAINT; Schema: public; Owner: postgres; Tablespace: 
--

ALTER TABLE ONLY "user"
    ADD CONSTRAINT user_pkey PRIMARY KEY (id);


--
-- Name: fkdha7r2l72aflbrd7kifg7lsq9; Type: FK CONSTRAINT; Schema: public; Owner: postgres
--

ALTER TABLE ONLY usersectormap
    ADD CONSTRAINT fkdha7r2l72aflbrd7kifg7lsq9 FOREIGN KEY (sector_value) REFERENCES sector(value);


--
-- Name: fklpv77v85i7graxo94grgnn8v0; Type: FK CONSTRAINT; Schema: public; Owner: postgres
--

ALTER TABLE ONLY usersectormap
    ADD CONSTRAINT fklpv77v85i7graxo94grgnn8v0 FOREIGN KEY (user_id) REFERENCES "user"(id);


--
-- Name: public; Type: ACL; Schema: -; Owner: postgres
--

REVOKE ALL ON SCHEMA public FROM PUBLIC;
REVOKE ALL ON SCHEMA public FROM postgres;
GRANT ALL ON SCHEMA public TO postgres;
GRANT ALL ON SCHEMA public TO PUBLIC;


--
-- PostgreSQL database dump complete
--
